标题,作者
Characteristics of and Important Lessons From the Coronavirus Disease 2019 (COVID-19) Outbreak in China: Summary of a Re…,Zunyou Wu · Jennifer M Mcgoogan
Pathological findings of COVID-19 associated with acute respiratory distress syndrome,Zhe Xu · Lei Shi · Yijin Wang · Jiyuan Zhang · Lei Huang · Chao Zhang · Shuhong Liu · Peng Zhao · H…
An interactive web-based dashboard to track COVID-19 in real time,Ensheng Dong · Hongru Du · Lauren Gardner
COVID-19 and Italy: what next?,Andrea Remuzzi · Giuseppe Remuzzi
Covid-19 | New Scientist,
COVID-19 | Stanford Medicine | Stanford Medicine,
COVID-19 (novel coronavirus) | Ministry of Health NZ,
Coronavirus (COVID-19): Read all content | World Economic Forum,
Coronavirus (COVID-19) | WHO | Regional Office for Africa,
Coronavirus (COVID-19): Small Business Guidance & Loan Resources,
COVID-19 | Stanford Medicine | Stanford Medicine,
Coronavirus (Covid-19) — NEJM,
Coronavirus (COVID-19) | WHO | Regional Office for Africa,
Coronavirus (COVID-19): Read all content | World Economic Forum,
Covid-19: Our chance to contain the coronavirus may already be over | New Scientist,
Coronavirus Live Updates: The Illness Now Has a Name: COVID-19 - The New York Times,
Coronavirus (COVID-19) | SAMHSA - Substance Abuse and Mental Health Services Administration,
COVID-19 - Página Inicial,
COVID-19 (nieuwe coronavirus) | RIVM,
RKI - Infektionskrankheiten A-Z - COVID-19 (Coronavirus SARS-CoV-2),
COVID-19 | Stanford Medicine | Stanford Medicine,
COVID-19: Gastroenterology,
COVID-19 | EDUCAUSE,
COVID-19 - who.int,
COVID-19 - PLOS,
Coronavirus (COVID-19) | National Kidney Foundation,
COVID-19 (Coronavirus) | Coronavirus disease (COVID-19),
COVID-19 - current cases | Ministry of Health NZ,
Coronavirus (COVID-19) | GOV.WALES,
Disease Caused by the Novel Coronavirus Officially Has a Name: COVID-19 - Scientific American,
Coronavirus - World Health Organization,
COVID-19: Gastroenterology,
COVID-19 | Campus Advisories | The George Washington University,
COVID-19: Global response to coronavirus | ICRC,
Coronavirus (COVID-19) | Modern Healthcare,
COVID-19 | ACOG,
COVID-19 - current cases | Ministry of Health NZ,
COVID-19 – Information from the University of Illinois at Urbana-Champaign,
Coronavirus (COVID-19) - Cochrane resources and news,
Coronavirus (COVID-19) - Health Services & School Nursing (CA Dept of Education),
Coronavirus - World Health Organization,
COVID-19: Gastroenterology,
COVID-19: Global response to coronavirus | ICRC,
Coronavirus: COVID-19 pandemic | ICRC,
Coronavirus | Science | AAAS,
COVID-19 (coronavirus) - COVID-19 | Royal College of Nursing,
COVID-19,
Coronavirus and Drinking Water and Wastewater | Coronavirus (COVID-19) | US EPA,
Coronavirus (covid-19): Latest news and resources | The BMJ,
COVID-19 - Yeni Koronavirüs Hastalığı,
Coronavirus - World Health Organization,
COVID-19 (novel coronavirus) | RIVM,
Coronavirus | Science | AAAS,
COVID-19 (Coronavirus) - University of Houston,
Coronavirus (COVID-19) | NCAA.org - The Official Site of the NCAA,
COVID-19 (Coronavirus) – UW–Madison,
Coronavirus - Advocacy - California Chamber of Commerce,
Coronavirus (covid-19): Latest news and resources | The BMJ,
COVID-19 | Faculty of Medicine | Imperial College London,
Covid-19 — Navigating the Uncharted | NEJM,
COVID-19 (novel coronavirus) | RIVM,
About The Lens » COVID-19,
Coronavirus | Science | AAAS,
COVID-19 | CIDRAP,
COVID-19 (coronavirus) - Royal College of General Practitioners,
COVID-19 Information Hub | COVID-19 | Memorial University of Newfoundland,
"COVID-19 | California State University, Long Beach",
COVID-19 | Faculty of Medicine | Imperial College London,
Interim Laboratory Biosafety Guidelines: COVID-19 | CDC,
COVID-19 | LCI richtlijnen,
About The Lens » COVID-19,
COVID-19 - University of Victoria,
COVID-19 (Coronavirus): ADB's Response | Asian Development Bank,
COVID-19: Guidance Retirement Community Response | CDC,
COVID-19 (coronavirus) - Royal College of General Practitioners,
COVID-19 - Emergency Nurses Association,
COVID-19 - Oregon,
COVID-19 | Northern Arizona University,
COVID-19 - nyc.gov,
COVID-19 (Novel Coronavirus) - Province of British Columbia,
About The Lens » COVID-19,
COVID-19 - University of Victoria,
COVID-19 (Coronavirus): ADB's Response | Asian Development Bank,
COVID-19 - Education Votes,
COVID 19: Occupational Health,
COVID-19: Guidance Retirement Community Response | CDC,
QUT - COVID-19,
Home | COVID-19 (novel coronavirus),
Coronavirus - NHS England,
"Coronavirus (COVID-19) | Wayne County, NC",
COVID-19: Guidance Retirement Community Response | CDC,
COVID-19 (Coronavirus): ADB's Response | Asian Development Bank,
COVID 19: Occupational Health,
COVID-19 | South Dakota State University,
Coronavirus (Covid-19) | The University of Edinburgh,
The Royal Children's Hospital : Coronavirus (COVID-19),
Coronavirus (COVID-19) : NEJM Journal Watch,
Coronavirus (COVID-19) | Vanderbilt University,
Coronavirus (covid-19): Latest news and resources | The BMJ,
COVID-19: Here's absolutely everything you need to know | Vancouver Sun,
COVID-19: Guidance Retirement Community Response | CDC,
COVID 19: Occupational Health,
Coronavirus (COVID-19) – Updates from SMU on Coronavirus (COVID-19),
COVID-19 – Disinfecting with Bleach - Center for Research on Ingredient Safety,
Coronavirus (covid-19) : University of Leeds advice for staff and students,
"COVID-19 | Clemson University, South Carolina",
HPS Website - Coronavirus (COVID-19),
COVID-19: Here's absolutely everything you need to know | Vancouver Sun,
COVID-19 (novel coronavirus) - Tax relief,
Combating COVID-19 with resilience | Deloitte | COVID-19,
Coronavirus (COVID-19) – updates and guidance | About | Imperial College London,
COVID-19 – Disinfecting with Bleach - Center for Research on Ingredient Safety,
Coronavirus - utep.edu,
Coronavirus | CMS,
Coronavirus (covid-19) : University of Leeds advice for staff and students,
Home | Coronavirus (COVID-19) | University of Ottawa,
(COVID-19) - Department of Health,
HPS Website - Coronavirus (COVID-19),
COVID-19 | Deloitte UK,
Frequent Questions Related to Coronavirus (COVID-19) | Coronavirus (COVID-19) | US EPA,
Coronavirus (COVID-19) – updates and guidance | About | Imperial College London,
Oxford University Press - COVID-19,
Coronavirus (COVID-19) - williams.edu,
PTHB | COVID-19,
COVID-19 | USD,
COVID-19 | College of Agricultural Sciences | Oregon State University,
COVID-19 – Disinfecting with Bleach - Center for Research on Ingredient Safety,
USA Swimming Coronavirus (COVID-19) Resources,
COVID-19: Updates and Resources | COVID-19 - American College of Chest Physicians,
Coronavirus | CMS,
Coronavirus (COVID-19) – updates and guidance | About | Imperial College London,
Oxford University Press - COVID-19,
COVID-19 - Saw Swee Hock School of Public Health,
PTHB | COVID-19,
COVID-19 | U.S. Congressman Jim Banks,
COVID-19 | Office of Admissions,
CoVID 19 – Bronx Community College,
Covid-19 - surf.stanford.edu,
Oregon Occupational Safety and Health : COVID-19 : State of Oregon,
FMI | Coronavirus,
Coronavirus (COVID-19) – updates and guidance | About | Imperial College London,
Search | COVID-19,
COVID-19 | Counseling Center,
COVID-19 - Saw Swee Hock School of Public Health,
COVID-19 | Webster University,
Coronavirus (COVID-19) - brookings.edu,
"coronavirus | Definition, Features, & Examples | Britannica",
COVID-19: Communication Materials - PAHO/WHO | Pan American Health Organization,
COVID-19 - American Health Information Management Association,
"Coronavirus: Maryland Confirms 3 Cases, As COVID-19 Spreads In U.S. : NPR",
COVID-19 - Saw Swee Hock School of Public Health,
Coronavirus (COVID-19) - brookings.edu,
Coronavirus (Covid-19) - bis.org,
COVID-19 (novel coronavirus) - Ministry of Social Development,
"Coronavirus (COVID-19) - California State University, Fresno",
COVID-19 - Coronavirus updates - Emergency Preparedness,
COVID-19 | Project ECHO,
Coronavirus | University of Denver,
Coronavirus: Research Impact: Indiana University,
COVID-19 | ONS Voice,
"coronavirus | Definition, Features, & Examples | Britannica",
COVID-19: Mental health in the 